Timestamp,Solar_Gen_kWh,Wind_Gen_kWh,Grid_Import_kWh,Load_Demand_kWh,Storage_Input_kWh,Storage_Output_kWh,Storage_Level_%,EV_Charging_kWh,Carbon_Emission_kg,Reliability_Score,Reliability_Class
2024-05-01 00:00:00,0.37,9.61,11.0,24.12,0.0,5.34,49.47,1.8,5.5,0.799,Medium
2024-05-01 01:00:00,0.06,8.93,10.05,23.14,0.0,11.11,48.36,2.12,5.02,0.897,High
2024-05-01 02:00:00,0.83,3.7,10.94,17.37,0.0,7.22,47.63,0.55,5.47,0.816,Medium
2024-05-01 03:00:00,0.43,4.33,14.19,21.54,0.0,8.11,46.82,0.42,7.1,0.768,Medium
2024-05-01 04:00:00,0.46,8.28,9.76,18.54,0.0,3.17,46.51,1.54,4.88,0.808,Medium
2024-05-01 05:00:00,0.61,3.36,17.18,18.5,0.0,10.23,45.48,2.85,8.59,0.821,Medium
2024-05-01 06:00:00,8.05,2.78,9.39,23.16,0.0,6.75,44.81,1.32,4.69,0.857,High
2024-05-01 07:00:00,5.34,9.27,10.79,27.23,0.0,7.06,44.1,9.64,5.39,0.865,High
2024-05-01 08:00:00,10.47,3.48,24.77,35.12,0.0,15.83,42.52,10.43,12.39,0.815,Medium
2024-05-01 09:00:00,10.98,9.37,0.0,16.47,1.62,0.0,42.68,0.59,0.0,1.0,High
2024-05-01 10:00:00,8.25,5.11,6.01,20.2,0.0,3.01,42.38,2.49,3.0,0.894,High
2024-05-01 11:00:00,10.43,3.13,11.57,23.25,0.0,6.65,41.71,0.22,5.78,0.89,High
2024-05-01 12:00:00,6.99,2.04,17.29,25.28,0.0,11.14,40.6,2.12,8.65,0.833,Medium
2024-05-01 13:00:00,5.74,4.87,8.23,18.75,0.0,3.79,40.22,2.59,4.12,0.866,High
2024-05-01 14:00:00,5.64,4.49,10.51,20.44,0.0,7.67,39.46,2.19,5.26,0.896,High
2024-05-01 15:00:00,9.72,2.96,11.51,24.41,0.0,8.04,38.65,2.28,5.75,0.882,High
2024-05-01 16:00:00,9.94,6.18,2.44,19.35,0.0,1.02,38.55,0.08,1.22,0.942,High
2024-05-01 17:00:00,11.36,4.51,5.71,22.81,0.0,3.5,38.2,2.72,2.86,0.911,High
2024-05-01 18:00:00,12.56,3.83,5.01,22.8,0.0,4.9,37.71,7.03,2.5,0.949,High
2024-05-01 19:00:00,0.81,7.07,20.99,34.34,0.0,19.75,35.73,10.63,10.5,0.817,Medium
2024-05-01 20:00:00,0.54,8.46,12.02,24.91,0.0,6.59,35.07,0.95,6.01,0.79,Medium
2024-05-01 21:00:00,0.43,8.54,14.0,23.63,0.0,7.46,34.33,0.02,7.0,0.808,Medium
2024-05-01 22:00:00,0.22,2.96,15.53,21.2,0.0,10.08,33.32,2.83,7.76,0.773,Medium
2024-05-01 23:00:00,0.7,4.91,18.16,27.61,0.0,12.07,32.11,2.89,9.08,0.765,Medium
2024-05-02 00:00:00,0.3,4.28,12.0,17.2,0.0,4.11,31.7,1.83,6.0,0.742,Medium
2024-05-02 01:00:00,0.28,9.27,7.83,17.83,0.0,6.57,31.05,0.43,3.91,0.922,High
2024-05-02 02:00:00,0.24,7.38,16.72,23.33,0.0,7.6,30.29,0.71,8.36,0.777,Medium
2024-05-02 03:00:00,0.63,7.07,14.45,20.63,0.0,5.95,29.69,0.27,7.22,0.792,Medium
2024-05-02 04:00:00,0.19,2.33,14.47,22.94,0.0,11.36,28.55,2.03,7.23,0.77,Medium
2024-05-02 05:00:00,0.23,7.16,10.21,18.82,0.0,8.78,27.68,2.07,5.1,0.893,High
2024-05-02 06:00:00,6.38,4.73,8.89,18.91,0.0,3.35,27.34,2.77,4.44,0.861,High
2024-05-02 07:00:00,11.6,8.54,7.49,29.26,0.0,3.16,27.03,8.71,3.74,0.881,High
2024-05-02 08:00:00,13.97,9.2,4.84,28.7,0.0,3.67,26.66,7.37,2.42,0.95,High
2024-05-02 09:00:00,13.97,9.1,1.23,24.72,0.0,0.63,26.6,1.93,0.61,0.977,High
2024-05-02 10:00:00,13.99,6.85,0.0,15.4,3.62,0.0,26.96,0.3,0.0,1.0,High
2024-05-02 11:00:00,5.05,3.29,14.6,22.56,0.0,5.86,26.37,2.08,7.3,0.779,Medium
2024-05-02 12:00:00,12.12,3.9,4.58,20.49,0.0,3.24,26.05,2.24,2.29,0.953,High
2024-05-02 13:00:00,11.58,6.55,0.0,17.04,0.55,0.0,26.1,1.1,0.0,1.0,High
2024-05-02 14:00:00,7.44,9.78,4.45,21.61,0.0,3.06,25.8,2.68,2.23,0.953,High
2024-05-02 15:00:00,10.03,6.62,4.11,20.51,0.0,1.7,25.63,0.59,2.05,0.937,High
2024-05-02 16:00:00,5.24,7.16,8.46,19.59,0.0,5.44,25.08,2.82,4.23,0.922,High
2024-05-02 17:00:00,8.7,2.12,17.45,25.57,0.0,11.53,23.93,1.28,8.72,0.862,High
2024-05-02 18:00:00,13.53,4.36,10.24,29.81,0.0,4.59,23.47,10.96,5.12,0.85,High
2024-05-02 19:00:00,0.56,9.49,15.65,30.95,0.0,12.7,22.2,8.99,7.82,0.816,Medium
2024-05-02 20:00:00,0.99,3.12,20.02,22.82,0.0,12.13,20.99,2.63,10.01,0.785,Medium
2024-05-02 21:00:00,0.7,4.88,16.34,20.36,0.0,10.85,19.9,2.43,8.17,0.841,Medium
2024-05-02 22:00:00,0.91,6.09,15.79,22.41,0.0,10.03,18.9,2.39,7.9,0.825,Medium
2024-05-02 23:00:00,0.8,9.12,7.16,19.51,0.0,5.65,18.33,1.13,3.58,0.883,High
2024-05-03 00:00:00,0.04,5.72,15.45,21.29,0.0,4.89,17.85,0.86,7.73,0.723,Medium
2024-05-03 01:00:00,0.04,8.58,9.96,18.98,0.0,7.1,17.14,0.38,4.98,0.881,High
2024-05-03 02:00:00,0.22,6.98,8.51,16.01,0.0,5.02,16.63,0.16,4.25,0.863,High
2024-05-03 03:00:00,0.64,7.81,15.39,26.31,0.0,12.46,15.39,1.55,7.69,0.841,Medium
2024-05-03 04:00:00,0.27,5.51,11.91,15.86,0.0,7.24,14.66,0.08,5.95,0.869,High
2024-05-03 05:00:00,0.7,5.27,9.27,17.2,0.0,6.46,14.02,0.47,4.63,0.843,Medium
2024-05-03 06:00:00,12.15,7.28,1.32,20.66,0.0,0.71,13.95,2.86,0.66,0.983,High
2024-05-03 07:00:00,11.12,5.36,9.17,24.97,0.0,2.61,13.69,7.49,4.58,0.86,High
2024-05-03 08:00:00,6.16,2.37,18.79,26.4,0.0,9.6,12.73,10.99,9.4,0.781,Medium
2024-05-03 09:00:00,5.98,5.93,7.65,20.25,0.0,4.17,12.31,0.52,3.82,0.879,High
2024-05-03 10:00:00,11.16,7.08,0.0,16.58,1.08,0.0,12.42,1.12,0.0,1.0,High
2024-05-03 11:00:00,10.03,8.85,2.35,22.08,0.0,1.98,12.22,0.49,1.17,0.966,High
2024-05-03 12:00:00,5.27,6.69,12.68,26.13,0.0,8.81,11.34,1.73,6.34,0.855,High
2024-05-03 13:00:00,9.58,6.36,11.36,25.57,0.0,7.24,10.61,1.16,5.68,0.906,High
2024-05-03 14:00:00,6.96,2.55,4.89,16.06,0.0,4.2,10.19,0.05,2.45,0.917,High
2024-05-03 15:00:00,5.71,4.55,14.68,23.52,0.0,5.84,9.61,0.07,7.34,0.801,Medium
2024-05-03 16:00:00,6.18,7.57,10.85,23.92,0.0,7.13,8.9,2.63,5.43,0.895,High
2024-05-03 17:00:00,7.82,3.42,16.36,24.93,0.0,6.93,8.2,2.42,8.18,0.81,Medium
2024-05-03 18:00:00,8.72,8.21,14.67,29.92,0.0,6.68,7.53,11.52,7.34,0.842,Medium
2024-05-03 19:00:00,0.75,8.04,17.68,27.35,0.0,13.24,6.21,11.32,8.84,0.834,Medium
2024-05-03 20:00:00,0.32,9.16,10.88,18.92,0.0,3.26,5.88,0.03,5.44,0.815,Medium
2024-05-03 21:00:00,0.32,9.6,16.57,26.23,0.0,8.55,5.03,1.72,8.28,0.799,Medium
2024-05-03 22:00:00,0.29,4.63,20.89,23.98,0.0,13.24,3.7,2.26,10.44,0.799,Medium
2024-05-03 23:00:00,0.09,5.96,10.29,17.22,0.0,8.31,2.87,1.65,5.15,0.882,High
2024-05-04 00:00:00,0.35,2.94,15.57,18.71,0.0,5.41,2.33,2.28,7.78,0.708,Medium
2024-05-04 01:00:00,0.08,7.61,11.06,18.19,0.0,3.58,1.97,2.47,5.53,0.792,Medium
2024-05-04 02:00:00,0.08,9.89,10.93,19.85,0.0,7.64,1.21,1.11,5.46,0.9,High
2024-05-04 03:00:00,0.99,8.03,10.89,19.01,0.0,5.79,0.63,0.25,5.44,0.857,High
2024-05-04 04:00:00,0.42,9.25,5.59,17.59,0.0,3.37,0.29,1.48,2.79,0.869,High
2024-05-04 05:00:00,0.06,2.95,16.22,18.12,0.0,1.74,0.12,1.95,8.11,0.624,Low
2024-05-04 06:00:00,14.62,5.0,0.68,20.46,0.0,0.66,0.05,2.61,0.34,0.993,High
2024-05-04 07:00:00,5.12,9.76,11.36,26.67,0.0,0.43,0.01,11.24,5.68,0.773,Medium
2024-05-04 08:00:00,5.74,6.43,21.5,33.35,0.0,0.07,0.0,8.66,10.75,0.639,Low
2024-05-04 09:00:00,9.55,7.02,5.05,23.55,0.0,0.02,0.0,2.7,2.52,0.856,High
2024-05-04 10:00:00,14.5,9.12,0.0,21.42,1.13,0.0,0.12,1.86,0.0,1.0,High
2024-05-04 11:00:00,6.88,5.71,5.68,20.28,0.0,0.91,0.02,1.75,2.84,0.838,Medium
2024-05-04 12:00:00,14.86,7.59,0.0,21.29,0.84,0.0,0.11,0.93,0.0,1.0,High
2024-05-04 13:00:00,11.85,3.3,13.43,26.58,0.0,0.72,0.04,2.47,6.71,0.772,Medium
2024-05-04 14:00:00,11.13,5.35,7.55,26.93,0.0,0.11,0.03,2.6,3.77,0.809,Medium
2024-05-04 15:00:00,8.76,8.48,8.05,25.32,0.0,0.12,0.01,0.45,4.03,0.834,Medium
2024-05-04 16:00:00,14.7,8.74,1.23,24.79,0.0,0.06,0.01,1.41,0.61,0.973,High
2024-05-04 17:00:00,5.56,8.92,13.96,26.13,0.0,0.04,0.0,3.0,6.98,0.753,Medium
2024-05-04 18:00:00,12.69,9.56,7.38,30.23,0.0,0.01,0.0,6.73,3.69,0.858,High
2024-05-04 19:00:00,0.95,6.85,19.36,26.99,0.0,0.01,0.0,9.7,9.68,0.619,Low
2024-05-04 20:00:00,0.11,7.37,14.43,22.52,0.0,0.01,0.0,2.32,7.22,0.661,Medium
2024-05-04 21:00:00,0.55,6.49,13.76,24.98,0.0,0.0,0.0,1.21,6.88,0.644,Low
2024-05-04 22:00:00,0.76,6.96,11.49,22.68,0.0,0.0,0.0,0.64,5.75,0.679,Medium
2024-05-04 23:00:00,0.35,6.72,15.17,20.23,0.0,0.0,0.0,1.31,7.58,0.664,Medium
2024-05-05 00:00:00,0.51,8.27,13.63,20.83,0.0,0.0,0.0,1.87,6.81,0.701,Medium
2024-05-05 01:00:00,0.15,9.41,10.35,20.7,0.0,0.0,0.0,0.77,5.18,0.733,Medium
2024-05-05 02:00:00,0.49,4.63,12.49,22.05,0.0,0.0,0.0,0.72,6.25,0.63,Low
2024-05-05 03:00:00,0.13,3.22,11.84,18.31,0.0,0.0,0.0,1.92,5.92,0.614,Low
2024-05-05 04:00:00,0.9,5.79,12.34,22.19,0.0,0.0,0.0,0.52,6.17,0.659,Medium
2024-05-05 05:00:00,0.17,4.23,9.61,17.04,0.0,0.0,0.0,0.27,4.8,0.655,Medium
2024-05-05 06:00:00,7.06,4.91,7.29,22.11,0.0,0.0,0.0,2.07,3.64,0.78,Medium
2024-05-05 07:00:00,11.28,2.65,15.52,35.18,0.0,0.0,0.0,11.45,7.76,0.681,Medium
2024-05-05 08:00:00,13.06,7.99,2.0,23.31,0.0,0.0,0.0,6.47,1.0,0.951,High
2024-05-05 09:00:00,11.18,4.95,4.12,21.87,0.0,0.0,0.0,2.24,2.06,0.875,High
2024-05-05 10:00:00,12.13,9.16,0.31,21.71,0.0,0.0,0.0,1.6,0.16,0.991,High
2024-05-05 11:00:00,10.33,3.94,3.24,18.82,0.0,0.0,0.0,1.13,1.62,0.887,High
2024-05-05 12:00:00,7.11,4.62,7.11,18.87,0.0,0.0,0.0,2.67,3.56,0.813,Medium
2024-05-05 13:00:00,12.89,5.99,0.0,17.48,0.89,0.0,0.09,1.61,0.0,1.0,High
2024-05-05 14:00:00,12.45,5.45,0.0,17.13,0.43,0.0,0.13,0.85,0.0,1.0,High
2024-05-05 15:00:00,11.46,6.57,3.51,21.52,0.0,0.55,0.08,2.96,1.75,0.928,High
2024-05-05 16:00:00,6.02,3.22,6.9,17.94,0.0,0.34,0.04,0.48,3.45,0.779,Medium
2024-05-05 17:00:00,6.73,9.17,1.33,17.38,0.0,0.34,0.01,1.57,0.66,0.967,High
2024-05-05 18:00:00,6.12,5.18,27.1,35.75,0.0,0.04,0.01,11.06,13.55,0.591,Low
2024-05-05 19:00:00,0.17,7.35,25.31,33.19,0.0,0.02,0.0,8.9,12.65,0.564,Low
2024-05-05 20:00:00,0.77,3.5,14.54,19.51,0.0,0.01,0.0,1.28,7.27,0.615,Low
2024-05-05 21:00:00,0.11,6.88,9.82,19.63,0.0,0.01,0.0,1.74,4.91,0.694,Medium
2024-05-05 22:00:00,0.53,2.41,11.58,18.77,0.0,0.01,0.0,0.4,5.79,0.605,Low
2024-05-05 23:00:00,0.32,8.48,11.65,19.59,0.0,0.0,0.0,2.04,5.83,0.721,Medium
2024-05-06 00:00:00,0.47,5.29,17.3,21.28,0.0,0.0,0.0,2.79,8.65,0.622,Low
2024-05-06 01:00:00,0.12,7.85,12.43,24.93,0.0,0.0,0.0,0.54,6.22,0.666,Medium
2024-05-06 02:00:00,0.57,8.73,7.59,18.78,0.0,0.0,0.0,2.39,3.79,0.76,Medium
2024-05-06 03:00:00,0.16,8.52,12.79,23.22,0.0,0.0,0.0,1.57,6.39,0.686,Medium
2024-05-06 04:00:00,0.39,8.53,10.8,20.52,0.0,0.0,0.0,1.13,5.4,0.72,Medium
2024-05-06 05:00:00,0.75,6.02,11.82,20.02,0.0,0.0,0.0,2.7,5.91,0.676,Medium
2024-05-06 06:00:00,14.06,6.99,0.0,18.99,1.35,0.0,0.13,2.82,0.0,1.0,High
2024-05-06 07:00:00,8.35,3.11,20.12,32.28,0.0,1.01,0.03,9.34,10.06,0.654,Medium
2024-05-06 08:00:00,12.89,3.21,9.39,24.86,0.0,0.11,0.02,6.74,4.69,0.814,Medium
2024-05-06 09:00:00,10.7,8.1,6.66,24.79,0.0,0.08,0.02,1.03,3.33,0.871,High
2024-05-06 10:00:00,13.46,3.02,3.78,21.36,0.0,0.06,0.01,2.39,1.89,0.891,High
2024-05-06 11:00:00,12.22,7.76,3.41,23.49,0.0,0.04,0.01,2.08,1.7,0.924,High
2024-05-06 12:00:00,8.46,3.45,12.54,25.83,0.0,0.03,0.0,1.75,6.27,0.722,Medium
2024-05-06 13:00:00,14.47,3.23,4.71,22.38,0.0,0.01,0.0,1.52,2.35,0.893,High
2024-05-06 14:00:00,13.72,9.46,0.0,22.74,0.34,0.0,0.04,2.09,0.0,1.0,High
2024-05-06 15:00:00,12.07,3.22,6.65,22.58,0.0,0.24,0.01,1.82,3.32,0.842,Medium
2024-05-06 16:00:00,14.34,9.4,0.0,19.85,3.1,0.0,0.32,0.34,0.0,1.0,High
2024-05-06 17:00:00,13.39,3.0,10.01,26.82,0.0,1.91,0.13,2.61,5.0,0.823,Medium
2024-05-06 18:00:00,8.99,2.44,12.32,28.97,0.0,0.61,0.07,10.62,6.16,0.705,Medium
2024-05-06 19:00:00,0.4,6.3,21.77,31.62,0.0,0.46,0.02,7.42,10.89,0.582,Low
2024-05-06 20:00:00,0.45,3.8,12.37,19.95,0.0,0.13,0.01,0.42,6.19,0.626,Low
2024-05-06 21:00:00,0.42,9.32,10.8,20.37,0.0,0.03,0.01,1.74,5.4,0.738,Medium
2024-05-06 22:00:00,0.66,3.42,19.03,25.06,0.0,0.02,0.0,0.45,9.51,0.571,Low
2024-05-06 23:00:00,1.0,6.02,15.2,21.16,0.0,0.02,0.0,0.2,7.6,0.657,Medium
2024-05-07 00:00:00,0.9,3.64,11.68,17.02,0.0,0.02,0.0,0.11,5.84,0.649,Low
2024-05-07 01:00:00,0.07,8.2,11.81,21.11,0.0,0.01,0.0,1.57,5.91,0.698,Medium
2024-05-07 02:00:00,0.56,3.24,18.3,19.4,0.0,0.0,0.0,2.59,9.15,0.587,Low
2024-05-07 03:00:00,0.27,7.15,9.14,19.16,0.0,0.0,0.0,0.08,4.57,0.709,Medium
2024-05-07 04:00:00,0.66,2.22,15.58,17.91,0.0,0.0,0.0,0.69,7.79,0.586,Low
2024-05-07 05:00:00,0.1,8.4,8.39,18.74,0.0,0.0,0.0,1.96,4.19,0.74,Medium
2024-05-07 06:00:00,7.43,7.78,9.74,26.05,0.0,0.0,0.0,2.49,4.87,0.785,Medium
2024-05-07 07:00:00,7.05,4.35,13.12,29.05,0.0,0.0,0.0,5.09,6.56,0.691,Medium
2024-05-07 08:00:00,5.27,3.45,23.0,28.78,0.0,0.0,0.0,7.95,11.5,0.606,Low
2024-05-07 09:00:00,8.42,4.08,6.73,20.57,0.0,0.0,0.0,1.77,3.37,0.809,Medium
2024-05-07 10:00:00,9.09,6.42,5.56,20.24,0.0,0.0,0.0,0.88,2.78,0.879,High
2024-05-07 11:00:00,6.4,8.95,7.93,22.56,0.0,0.0,0.0,2.68,3.96,0.833,Medium
2024-05-07 12:00:00,5.22,4.15,10.73,22.32,0.0,0.0,0.0,1.9,5.36,0.714,Medium
2024-05-07 13:00:00,13.35,9.88,0.0,20.77,1.25,0.0,0.12,0.52,0.0,1.0,High
2024-05-07 14:00:00,5.18,9.31,2.85,17.91,0.0,0.72,0.05,1.73,1.43,0.926,High
2024-05-07 15:00:00,11.51,8.64,0.0,17.1,1.39,0.0,0.19,0.03,0.0,1.0,High
2024-05-07 16:00:00,14.0,8.99,0.0,22.78,0.14,0.0,0.21,1.8,0.0,1.0,High
2024-05-07 17:00:00,6.75,9.32,4.1,20.34,0.0,0.67,0.14,1.15,2.05,0.909,High
2024-05-07 18:00:00,6.66,7.9,8.62,25.05,0.0,0.69,0.07,9.22,4.31,0.8,Medium
2024-05-07 19:00:00,0.29,4.85,23.73,29.27,0.0,0.38,0.03,7.08,11.87,0.557,Low
2024-05-07 20:00:00,0.66,9.49,9.17,22.97,0.0,0.14,0.02,0.64,4.58,0.733,Medium
2024-05-07 21:00:00,0.6,2.41,16.26,21.75,0.0,0.13,0.01,1.79,8.13,0.576,Low
2024-05-07 22:00:00,0.11,2.6,21.99,23.77,0.0,0.03,0.0,1.49,11.0,0.536,Low
2024-05-07 23:00:00,0.25,8.55,13.61,25.08,0.0,0.02,0.0,2.08,6.81,0.673,Medium
2024-05-08 00:00:00,0.36,2.73,25.25,24.58,0.0,0.01,0.0,0.41,12.63,0.524,Low
2024-05-08 01:00:00,0.19,6.34,21.41,25.93,0.0,0.0,0.0,2.2,10.71,0.594,Low
2024-05-08 02:00:00,0.69,8.79,7.68,18.96,0.0,0.0,0.0,1.47,3.84,0.762,Medium
2024-05-08 03:00:00,0.94,2.32,17.05,24.83,0.0,0.0,0.0,2.78,8.52,0.567,Low
2024-05-08 04:00:00,0.92,2.27,22.87,22.87,0.0,0.0,0.0,0.89,11.44,0.541,Low
2024-05-08 05:00:00,0.94,5.79,16.69,26.15,0.0,0.0,0.0,2.53,8.34,0.62,Low
2024-05-08 06:00:00,5.37,6.77,4.08,17.66,0.0,0.0,0.0,0.36,2.04,0.855,High
2024-05-08 07:00:00,8.4,7.8,6.46,22.86,0.0,0.0,0.0,7.21,3.23,0.851,High
2024-05-08 08:00:00,8.19,7.01,14.68,33.17,0.0,0.0,0.0,9.31,7.34,0.71,Medium
2024-05-08 09:00:00,13.7,2.17,11.07,25.33,0.0,0.0,0.0,1.59,5.53,0.795,Medium
2024-05-08 10:00:00,14.98,4.81,3.85,23.88,0.0,0.0,0.0,1.21,1.92,0.912,High
2024-05-08 11:00:00,13.74,9.87,0.3,23.94,0.0,0.0,0.0,1.25,0.15,0.993,High
2024-05-08 12:00:00,7.39,2.88,7.75,19.41,0.0,0.0,0.0,0.86,3.87,0.773,Medium
2024-05-08 13:00:00,5.42,2.14,16.59,26.16,0.0,0.0,0.0,1.28,8.3,0.633,Low
2024-05-08 14:00:00,7.18,9.6,5.77,23.13,0.0,0.0,0.0,0.27,2.89,0.861,High
2024-05-08 15:00:00,14.45,5.74,1.73,21.64,0.0,0.0,0.0,0.5,0.87,0.965,High
2024-05-08 16:00:00,14.43,7.2,0.81,22.62,0.0,0.0,0.0,1.54,0.4,0.978,High
2024-05-08 17:00:00,7.2,3.49,9.59,23.85,0.0,0.0,0.0,1.05,4.79,0.731,Medium
2024-05-08 18:00:00,13.84,9.42,7.1,31.17,0.0,0.0,0.0,6.22,3.55,0.863,High
2024-05-08 19:00:00,0.7,3.23,20.95,29.73,0.0,0.0,0.0,6.57,10.47,0.548,Low
2024-05-08 20:00:00,0.59,6.64,9.42,18.55,0.0,0.0,0.0,2.63,4.71,0.709,Medium
2024-05-08 21:00:00,0.89,9.65,15.94,26.05,0.0,0.0,0.0,2.43,7.97,0.682,Medium
2024-05-08 22:00:00,0.09,5.27,15.02,19.51,0.0,0.0,0.0,0.78,7.51,0.635,Low
2024-05-08 23:00:00,0.08,3.76,20.51,22.06,0.0,0.0,0.0,0.23,10.25,0.567,Low
2024-05-09 00:00:00,0.48,6.74,17.74,24.29,0.0,0.0,0.0,1.04,8.87,0.63,Low
2024-05-09 01:00:00,0.27,9.03,17.61,24.95,0.0,0.0,0.0,1.98,8.81,0.661,Medium
2024-05-09 02:00:00,0.71,8.7,14.75,24.02,0.0,0.0,0.0,2.04,7.37,0.683,Medium
2024-05-09 03:00:00,0.16,9.05,16.25,23.81,0.0,0.0,0.0,0.09,8.12,0.673,Medium
2024-05-09 04:00:00,0.34,7.95,12.03,19.06,0.0,0.0,0.0,2.45,6.01,0.714,Medium
2024-05-09 05:00:00,0.01,4.3,20.13,24.11,0.0,0.0,0.0,2.94,10.06,0.571,Low
2024-05-09 06:00:00,11.34,6.32,5.9,23.12,0.0,0.0,0.0,0.32,2.95,0.876,High
2024-05-09 07:00:00,14.63,4.73,10.13,32.85,0.0,0.0,0.0,11.52,5.07,0.785,Medium
2024-05-09 08:00:00,11.88,2.54,9.94,27.97,0.0,0.0,0.0,9.96,4.97,0.757,Medium
2024-05-09 09:00:00,8.46,6.97,3.14,18.07,0.0,0.0,0.0,2.61,1.57,0.926,High
2024-05-09 10:00:00,12.5,3.04,5.06,22.66,0.0,0.0,0.0,0.07,2.53,0.849,Medium
2024-05-09 11:00:00,9.89,8.16,4.29,23.17,0.0,0.0,0.0,1.34,2.14,0.89,High
2024-05-09 12:00:00,9.26,5.61,4.34,19.02,0.0,0.0,0.0,2.38,2.17,0.891,High
2024-05-09 13:00:00,5.82,7.44,10.69,22.36,0.0,0.0,0.0,0.82,5.35,0.784,Medium
2024-05-09 14:00:00,9.32,9.55,2.01,21.11,0.0,0.0,0.0,1.92,1.01,0.947,High
2024-05-09 15:00:00,14.84,5.27,3.64,24.63,0.0,0.0,0.0,0.69,1.82,0.908,High
2024-05-09 16:00:00,11.52,4.95,10.18,25.06,0.0,0.0,0.0,1.42,5.09,0.812,Medium
2024-05-09 17:00:00,13.69,8.21,3.61,25.24,0.0,0.0,0.0,2.53,1.81,0.929,High
2024-05-09 18:00:00,6.31,2.26,27.4,33.53,0.0,0.0,0.0,9.32,13.7,0.565,Low
2024-05-09 19:00:00,0.12,3.0,21.41,29.87,0.0,0.0,0.0,8.01,10.7,0.535,Low
2024-05-09 20:00:00,0.06,6.66,11.43,20.08,0.0,0.0,0.0,2.39,5.71,0.677,Medium
2024-05-09 21:00:00,0.01,2.58,17.77,20.36,0.0,0.0,0.0,1.44,8.89,0.562,Low
2024-05-09 22:00:00,0.69,8.88,12.54,22.92,0.0,0.0,0.0,0.12,6.27,0.704,Medium
2024-05-09 23:00:00,0.24,9.89,7.86,17.92,0.0,0.0,0.0,1.5,3.93,0.787,Medium
2024-05-10 00:00:00,0.56,2.08,12.78,19.82,0.0,0.0,0.0,1.55,6.39,0.589,Low
2024-05-10 01:00:00,0.03,2.63,16.43,19.37,0.0,0.0,0.0,0.4,8.22,0.573,Low
2024-05-10 02:00:00,0.8,3.6,12.82,16.99,0.0,0.0,0.0,0.31,6.41,0.64,Low
2024-05-10 03:00:00,0.03,9.49,8.04,17.14,0.0,0.0,0.0,1.62,4.02,0.782,Medium
2024-05-10 04:00:00,0.71,8.41,8.67,20.84,0.0,0.0,0.0,2.44,4.33,0.732,Medium
2024-05-10 05:00:00,0.55,8.54,11.91,21.45,0.0,0.0,0.0,1.93,5.96,0.71,Medium
2024-05-10 06:00:00,5.82,2.48,10.96,17.95,0.0,0.0,0.0,0.48,5.48,0.73,Medium
2024-05-10 07:00:00,14.76,4.7,8.13,27.35,0.0,0.0,0.0,10.53,4.06,0.844,Medium
2024-05-10 08:00:00,10.55,7.75,13.0,29.26,0.0,0.0,0.0,11.97,6.5,0.785,Medium
2024-05-10 09:00:00,7.0,7.44,1.14,15.81,0.0,0.0,0.0,0.09,0.57,0.959,High
2024-05-10 10:00:00,13.68,7.82,1.92,23.7,0.0,0.0,0.0,1.28,0.96,0.953,High
2024-05-10 11:00:00,14.88,2.32,7.55,25.41,0.0,0.0,0.0,1.74,3.77,0.833,Medium
2024-05-10 12:00:00,9.87,8.99,5.38,25.27,0.0,0.0,0.0,1.27,2.69,0.872,High
2024-05-10 13:00:00,14.12,3.69,5.67,23.12,0.0,0.0,0.0,1.89,2.83,0.88,High
2024-05-10 14:00:00,12.16,9.27,0.0,17.51,3.09,0.0,0.31,0.71,0.0,1.0,High
2024-05-10 15:00:00,6.81,8.84,5.7,20.66,0.0,1.62,0.15,0.74,2.85,0.906,High
2024-05-10 16:00:00,10.15,4.87,5.73,21.42,0.0,1.16,0.03,0.49,2.86,0.874,High
2024-05-10 17:00:00,7.58,7.25,4.39,20.57,0.0,0.25,0.01,2.32,2.2,0.871,High
2024-05-10 18:00:00,9.54,3.89,8.16,21.92,0.0,0.03,0.0,6.19,4.08,0.805,Medium
2024-05-10 19:00:00,0.83,5.45,21.63,26.81,0.0,0.01,0.0,9.32,10.81,0.586,Low
2024-05-10 20:00:00,0.17,2.29,20.52,24.36,0.0,0.02,0.0,1.99,10.26,0.538,Low
2024-05-10 21:00:00,0.81,6.68,12.71,24.3,0.0,0.0,0.0,0.62,6.35,0.66,Medium
2024-05-10 22:00:00,0.06,6.25,13.83,24.48,0.0,0.0,0.0,0.12,6.92,0.634,Low
2024-05-10 23:00:00,0.93,4.53,11.41,20.2,0.0,0.0,0.0,0.12,5.7,0.651,Medium
2024-05-11 00:00:00,0.97,2.04,26.57,26.44,0.0,0.0,0.0,1.92,13.28,0.513,Low
2024-05-11 01:00:00,0.52,5.91,11.2,22.09,0.0,0.0,0.0,0.42,5.6,0.66,Medium
2024-05-11 02:00:00,0.7,3.61,15.18,24.64,0.0,0.0,0.0,2.91,7.59,0.594,Low
2024-05-11 03:00:00,0.44,8.95,10.59,18.85,0.0,0.0,0.0,2.08,5.29,0.746,Medium
2024-05-11 04:00:00,0.68,5.98,16.87,23.79,0.0,0.0,0.0,2.61,8.44,0.628,Low
2024-05-11 05:00:00,0.93,7.52,14.38,22.41,0.0,0.0,0.0,0.65,7.19,0.679,Medium
2024-05-11 06:00:00,11.51,2.85,7.39,24.58,0.0,0.0,0.0,3.0,3.7,0.797,Medium
2024-05-11 07:00:00,9.07,8.97,14.71,31.79,0.0,0.0,0.0,8.97,7.36,0.753,Medium
2024-05-11 08:00:00,9.04,4.62,20.19,32.33,0.0,0.0,0.0,10.65,10.09,0.668,Medium
2024-05-11 09:00:00,9.36,8.54,0.0,17.84,0.03,0.0,0.0,1.63,0.0,1.0,High
2024-05-11 10:00:00,8.25,4.93,7.04,21.05,0.0,0.01,0.0,2.09,3.52,0.815,Medium
2024-05-11 11:00:00,7.38,4.99,5.14,17.49,0.0,0.01,0.0,0.22,2.57,0.857,High
2024-05-11 12:00:00,11.19,5.71,4.3,21.39,0.0,0.0,0.0,2.59,2.15,0.895,High
2024-05-11 13:00:00,5.26,4.73,9.91,20.0,0.0,0.0,0.0,1.2,4.96,0.75,Medium
2024-05-11 14:00:00,11.08,8.12,7.17,25.28,0.0,0.0,0.0,2.15,3.58,0.868,High
2024-05-11 15:00:00,6.96,2.06,12.45,24.17,0.0,0.0,0.0,2.69,6.22,0.687,Medium
2024-05-11 16:00:00,5.6,9.48,3.53,18.82,0.0,0.0,0.0,0.3,1.76,0.903,High
2024-05-11 17:00:00,7.85,4.46,10.56,24.65,0.0,0.0,0.0,1.62,5.28,0.747,Medium
2024-05-11 18:00:00,12.16,4.18,6.84,24.99,0.0,0.0,0.0,5.85,3.42,0.827,Medium
2024-05-11 19:00:00,0.18,6.2,21.11,27.84,0.0,0.0,0.0,5.75,10.55,0.586,Low
2024-05-11 20:00:00,0.96,5.87,12.9,24.71,0.0,0.0,0.0,1.65,6.45,0.646,Low
2024-05-11 21:00:00,0.95,6.81,14.72,25.84,0.0,0.0,0.0,2.65,7.36,0.647,Low
2024-05-11 22:00:00,0.61,5.29,17.71,26.1,0.0,0.0,0.0,2.7,8.85,0.602,Low
2024-05-11 23:00:00,0.78,4.2,20.18,24.5,0.0,0.0,0.0,1.27,10.09,0.58,Low
2024-05-12 00:00:00,0.62,5.61,16.17,21.37,0.0,0.0,0.0,0.5,8.08,0.636,Low
2024-05-12 01:00:00,0.22,2.77,14.23,17.16,0.0,0.0,0.0,1.93,7.12,0.598,Low
2024-05-12 02:00:00,0.23,5.13,20.39,22.44,0.0,0.0,0.0,1.49,10.19,0.594,Low
2024-05-12 03:00:00,0.7,5.23,16.22,21.43,0.0,0.0,0.0,2.15,8.11,0.63,Low
2024-05-12 04:00:00,0.13,2.83,17.59,23.98,0.0,0.0,0.0,1.74,8.8,0.561,Low
2024-05-12 05:00:00,0.09,9.15,7.03,17.89,0.0,0.0,0.0,0.97,3.52,0.771,Medium
2024-05-12 06:00:00,5.69,6.15,5.09,18.08,0.0,0.0,0.0,2.4,2.54,0.837,Medium
2024-05-12 07:00:00,13.8,7.21,5.71,27.6,0.0,0.0,0.0,7.27,2.86,0.876,High
2024-05-12 08:00:00,14.94,7.29,7.89,30.69,0.0,0.0,0.0,10.11,3.94,0.85,High
2024-05-12 09:00:00,10.62,9.66,0.0,18.82,0.7,0.0,0.07,2.07,0.0,1.0,High
2024-05-12 10:00:00,10.36,2.77,7.55,21.77,0.0,0.44,0.03,2.27,3.77,0.812,Medium
2024-05-12 11:00:00,12.95,9.42,0.0,18.54,1.76,0.0,0.2,1.2,0.0,1.0,High
2024-05-12 12:00:00,14.92,9.42,0.0,22.93,0.86,0.0,0.29,2.53,0.0,1.0,High
2024-05-12 13:00:00,11.24,2.71,10.0,22.94,0.0,1.99,0.09,0.38,5.0,0.828,Medium
2024-05-12 14:00:00,12.09,2.29,3.91,18.82,0.0,0.31,0.06,0.79,1.96,0.893,High
2024-05-12 15:00:00,14.37,6.43,0.0,19.25,0.9,0.0,0.15,1.19,0.0,1.0,High
2024-05-12 16:00:00,11.01,6.13,10.23,25.68,0.0,1.08,0.04,1.49,5.12,0.832,Medium
2024-05-12 17:00:00,7.09,9.44,1.86,18.62,0.0,0.3,0.01,2.45,0.93,0.952,High
2024-05-12 18:00:00,13.68,8.45,5.85,30.03,0.0,0.05,0.01,7.13,2.93,0.866,High
2024-05-12 19:00:00,0.17,7.56,23.02,30.29,0.0,0.04,0.0,11.83,11.51,0.588,Low
2024-05-12 20:00:00,0.13,8.9,16.71,25.69,0.0,0.01,0.0,1.46,8.36,0.657,Medium
2024-05-12 21:00:00,0.17,6.02,11.69,19.43,0.0,0.0,0.0,0.44,5.85,0.669,Medium
2024-05-12 22:00:00,0.03,3.08,27.41,26.28,0.0,0.0,0.0,1.65,13.71,0.51,Low
2024-05-12 23:00:00,0.31,6.05,13.62,19.71,0.0,0.0,0.0,0.32,6.81,0.661,Medium
2024-05-13 00:00:00,0.62,7.2,9.69,16.7,0.0,0.0,0.0,0.18,4.84,0.739,Medium
2024-05-13 01:00:00,0.06,9.96,9.11,17.66,0.0,0.0,0.0,2.09,4.56,0.781,Medium
2024-05-13 02:00:00,0.14,2.97,15.92,18.34,0.0,0.0,0.0,0.3,7.96,0.588,Low
2024-05-13 03:00:00,0.51,9.97,12.37,24.99,0.0,0.0,0.0,1.85,6.19,0.706,Medium
2024-05-13 04:00:00,0.53,5.41,12.05,18.97,0.0,0.0,0.0,2.66,6.03,0.665,Medium
2024-05-13 05:00:00,0.37,5.31,21.47,25.48,0.0,0.0,0.0,2.2,10.74,0.582,Low
2024-05-13 06:00:00,9.16,5.85,1.04,15.97,0.0,0.0,0.0,0.78,0.52,0.971,High
2024-05-13 07:00:00,10.35,3.72,9.19,21.81,0.0,0.0,0.0,6.69,4.59,0.812,Medium
2024-05-13 08:00:00,14.6,5.9,4.11,24.93,0.0,0.0,0.0,8.84,2.06,0.908,High
2024-05-13 09:00:00,5.98,5.91,5.97,17.47,0.0,0.0,0.0,0.97,2.99,0.842,Medium
2024-05-13 10:00:00,8.76,5.16,9.21,21.95,0.0,0.0,0.0,2.36,4.6,0.808,Medium
2024-05-13 11:00:00,12.87,4.52,4.8,23.19,0.0,0.0,0.0,1.31,2.4,0.876,High
2024-05-13 12:00:00,5.38,9.21,7.13,21.53,0.0,0.0,0.0,1.91,3.57,0.836,Medium
2024-05-13 13:00:00,11.37,6.91,0.0,17.22,0.49,0.0,0.05,1.56,0.0,1.0,High
2024-05-13 14:00:00,12.37,6.1,2.57,21.93,0.0,0.32,0.02,0.13,1.28,0.93,High
2024-05-13 15:00:00,5.72,2.57,10.37,17.99,0.0,0.08,0.01,2.87,5.18,0.734,Medium
2024-05-13 16:00:00,7.97,4.8,9.49,24.73,0.0,0.03,0.01,1.98,4.74,0.76,Medium
2024-05-13 17:00:00,5.98,7.28,7.23,23.44,0.0,0.02,0.0,0.8,3.61,0.791,Medium
2024-05-13 18:00:00,14.68,4.36,11.6,32.06,0.0,0.01,0.0,9.37,5.8,0.78,Medium
2024-05-13 19:00:00,0.12,6.92,24.33,32.25,0.0,0.01,0.0,9.51,12.17,0.566,Low
2024-05-13 20:00:00,0.97,8.39,11.52,20.87,0.0,0.01,0.0,2.94,5.76,0.722,Medium
2024-05-13 21:00:00,0.75,8.49,11.04,21.95,0.0,0.0,0.0,0.38,5.52,0.713,Medium
2024-05-13 22:00:00,0.22,4.98,15.54,20.64,0.0,0.0,0.0,1.32,7.77,0.623,Low
2024-05-13 23:00:00,0.24,2.97,16.8,19.64,0.0,0.0,0.0,2.66,8.4,0.581,Low
2024-05-14 00:00:00,0.82,8.89,13.64,26.22,0.0,0.0,0.0,2.76,6.82,0.68,Medium
2024-05-14 01:00:00,0.46,8.74,15.85,24.61,0.0,0.0,0.0,2.33,7.93,0.67,Medium
2024-05-14 02:00:00,0.55,9.88,11.02,24.5,0.0,0.0,0.0,0.13,5.51,0.715,Medium
2024-05-14 03:00:00,0.73,8.54,10.51,18.65,0.0,0.0,0.0,1.52,5.26,0.746,Medium
2024-05-14 04:00:00,0.54,6.72,13.47,20.98,0.0,0.0,0.0,0.89,6.74,0.671,Medium
2024-05-14 05:00:00,0.87,7.09,14.08,23.09,0.0,0.0,0.0,0.48,7.04,0.668,Medium
2024-05-14 06:00:00,7.47,7.81,8.95,25.22,0.0,0.0,0.0,0.3,4.48,0.798,Medium
2024-05-14 07:00:00,7.04,6.44,14.42,31.64,0.0,0.0,0.0,9.31,7.21,0.698,Medium
2024-05-14 08:00:00,12.84,6.43,4.38,25.38,0.0,0.0,0.0,10.33,2.19,0.882,High
2024-05-14 09:00:00,7.02,9.66,2.3,19.66,0.0,0.0,0.0,0.98,1.15,0.928,High
2024-05-14 10:00:00,13.77,9.97,0.0,20.03,2.55,0.0,0.26,1.35,0.0,1.0,High
2024-05-14 11:00:00,13.86,6.74,0.0,20.15,0.31,0.0,0.29,1.24,0.0,1.0,High
2024-05-14 12:00:00,5.03,6.96,6.68,20.94,0.0,1.7,0.12,2.38,3.34,0.828,Medium
2024-05-14 13:00:00,9.81,7.14,0.43,17.39,0.0,0.26,0.09,1.74,0.22,0.994,High
2024-05-14 14:00:00,11.03,7.41,6.02,23.86,0.0,0.5,0.04,0.81,3.01,0.887,High
2024-05-14 15:00:00,5.77,2.47,13.13,20.7,0.0,0.28,0.01,2.35,6.56,0.699,Medium
2024-05-14 16:00:00,10.17,5.52,1.62,17.46,0.0,0.04,0.01,0.98,0.81,0.952,High
2024-05-14 17:00:00,7.21,6.79,13.25,25.35,0.0,0.05,0.0,3.0,6.63,0.755,Medium
2024-05-14 18:00:00,9.21,7.09,11.21,28.68,0.0,0.02,0.0,5.83,5.6,0.772,Medium
2024-05-14 19:00:00,0.38,6.57,17.81,27.17,0.0,0.0,0.0,6.29,8.9,0.613,Low
2024-05-14 20:00:00,0.03,2.19,21.02,24.14,0.0,0.0,0.0,0.82,10.51,0.532,Low
2024-05-14 21:00:00,0.94,4.07,18.94,21.91,0.0,0.0,0.0,2.62,9.47,0.597,Low
2024-05-14 22:00:00,0.8,5.67,10.19,20.23,0.0,0.0,0.0,0.4,5.09,0.677,Medium
2024-05-14 23:00:00,0.5,5.49,14.5,24.59,0.0,0.0,0.0,2.3,7.25,0.625,Low
2024-05-15 00:00:00,0.14,8.01,11.97,24.44,0.0,0.0,0.0,2.87,5.98,0.673,Medium
2024-05-15 01:00:00,0.28,4.09,13.04,20.19,0.0,0.0,0.0,2.72,6.52,0.621,Low
2024-05-15 02:00:00,0.76,5.6,15.67,22.96,0.0,0.0,0.0,0.2,7.84,0.632,Low
2024-05-15 03:00:00,0.06,9.25,7.86,17.99,0.0,0.0,0.0,1.6,3.93,0.768,Medium
2024-05-15 04:00:00,0.9,2.17,21.03,24.53,0.0,0.0,0.0,2.89,10.51,0.545,Low
2024-05-15 05:00:00,0.05,5.35,17.14,19.79,0.0,0.0,0.0,2.19,8.57,0.624,Low
2024-05-15 06:00:00,11.54,3.58,8.21,22.05,0.0,0.0,0.0,1.39,4.1,0.833,Medium
2024-05-15 07:00:00,8.5,2.91,9.64,23.09,0.0,0.0,0.0,6.58,4.82,0.749,Medium
2024-05-15 08:00:00,10.61,6.19,11.01,27.17,0.0,0.0,0.0,11.02,5.5,0.792,Medium
2024-05-15 09:00:00,12.08,6.35,0.0,17.19,0.73,0.0,0.07,1.37,0.0,1.0,High
2024-05-15 10:00:00,6.66,9.57,8.64,25.51,0.0,0.37,0.04,2.01,4.32,0.817,Medium
2024-05-15 11:00:00,11.51,6.36,0.0,17.16,0.52,0.0,0.09,1.54,0.0,1.0,High
2024-05-15 12:00:00,9.59,2.42,9.5,23.47,0.0,0.34,0.05,0.6,4.75,0.763,Medium
2024-05-15 13:00:00,8.3,8.05,5.07,20.81,0.0,0.4,0.01,0.61,2.54,0.897,High
2024-05-15 14:00:00,13.71,3.91,5.27,22.47,0.0,0.04,0.01,2.95,2.63,0.888,High
2024-05-15 15:00:00,5.65,5.71,13.61,25.71,0.0,0.03,0.01,1.62,6.81,0.709,Medium
2024-05-15 16:00:00,11.57,8.58,1.17,21.13,0.0,0.03,0.0,2.33,0.58,0.976,High
2024-05-15 17:00:00,10.23,4.3,10.31,24.66,0.0,0.03,0.0,1.73,5.15,0.785,Medium
2024-05-15 18:00:00,8.96,9.32,8.55,26.44,0.0,0.01,0.0,6.11,4.27,0.834,Medium
2024-05-15 19:00:00,0.32,8.86,26.01,31.0,0.0,0.0,0.0,6.94,13.01,0.588,Low
2024-05-15 20:00:00,0.2,3.47,17.25,25.9,0.0,0.0,0.0,1.96,8.62,0.571,Low
2024-05-15 21:00:00,0.62,2.67,21.86,26.23,0.0,0.0,0.0,2.41,10.93,0.541,Low
2024-05-15 22:00:00,0.42,9.87,10.41,23.58,0.0,0.0,0.0,1.9,5.2,0.723,Medium
2024-05-15 23:00:00,0.43,3.3,12.61,16.81,0.0,0.0,0.0,1.68,6.3,0.626,Low
2024-05-16 00:00:00,0.89,2.64,21.85,22.88,0.0,0.0,0.0,0.56,10.92,0.552,Low
2024-05-16 01:00:00,0.54,7.68,12.59,19.56,0.0,0.0,0.0,1.41,6.3,0.705,Medium
2024-05-16 02:00:00,0.36,5.95,14.15,24.29,0.0,0.0,0.0,1.01,7.07,0.633,Low
2024-05-16 03:00:00,0.83,2.81,12.4,17.82,0.0,0.0,0.0,0.43,6.2,0.619,Low
2024-05-16 04:00:00,0.75,7.21,16.04,22.27,0.0,0.0,0.0,1.06,8.02,0.663,Medium
2024-05-16 05:00:00,0.98,7.07,8.83,18.29,0.0,0.0,0.0,2.03,4.42,0.732,Medium
2024-05-16 06:00:00,5.7,3.4,16.94,24.24,0.0,0.0,0.0,0.68,8.47,0.665,Medium
2024-05-16 07:00:00,11.43,7.55,6.68,27.26,0.0,0.0,0.0,7.14,3.34,0.845,Medium
2024-05-16 08:00:00,8.04,7.23,21.9,35.48,0.0,0.0,0.0,11.1,10.95,0.663,Medium
2024-05-16 09:00:00,11.65,4.08,10.15,26.08,0.0,0.0,0.0,2.01,5.07,0.791,Medium
2024-05-16 10:00:00,9.47,5.68,9.02,25.29,0.0,0.0,0.0,1.64,4.51,0.795,Medium
2024-05-16 11:00:00,6.11,5.38,7.13,17.64,0.0,0.0,0.0,2.22,3.57,0.825,Medium
2024-05-16 12:00:00,13.58,4.34,9.31,26.37,0.0,0.0,0.0,2.26,4.66,0.825,Medium
2024-05-16 13:00:00,14.63,7.81,0.0,20.54,0.98,0.0,0.1,2.49,0.0,1.0,High
2024-05-16 14:00:00,13.73,2.9,5.26,23.66,0.0,0.41,0.06,1.62,2.63,0.862,High
2024-05-16 15:00:00,5.12,5.75,7.58,19.81,0.0,0.25,0.03,1.8,3.79,0.787,Medium
2024-05-16 16:00:00,12.43,2.39,12.17,26.59,0.0,0.19,0.01,2.56,6.08,0.765,Medium
2024-05-16 17:00:00,13.92,3.48,0.0,16.51,0.64,0.0,0.08,0.72,0.0,1.0,High
2024-05-16 18:00:00,5.35,6.66,22.99,35.94,0.0,0.26,0.05,10.99,11.5,0.622,Low
2024-05-16 19:00:00,0.83,6.79,16.38,21.81,0.0,0.33,0.02,5.66,8.19,0.664,Medium
2024-05-16 20:00:00,0.83,9.03,11.36,22.27,0.0,0.09,0.01,1.55,5.68,0.722,Medium
2024-05-16 21:00:00,0.43,8.19,13.89,23.7,0.0,0.06,0.0,2.68,6.95,0.677,Medium
2024-05-16 22:00:00,0.63,6.73,14.7,22.74,0.0,0.01,0.0,0.71,7.35,0.656,Medium
2024-05-16 23:00:00,0.38,5.9,18.09,24.37,0.0,0.02,0.0,2.85,9.05,0.613,Low
2024-05-17 00:00:00,0.51,7.07,7.83,16.47,0.0,0.0,0.0,0.76,3.92,0.745,Medium
2024-05-17 01:00:00,0.05,3.12,15.16,20.68,0.0,0.0,0.0,2.91,7.58,0.585,Low
2024-05-17 02:00:00,0.2,6.89,10.87,18.43,0.0,0.0,0.0,0.62,5.44,0.699,Medium
2024-05-17 03:00:00,0.01,3.75,10.37,15.69,0.0,0.0,0.0,0.32,5.19,0.644,Low
2024-05-17 04:00:00,0.57,6.1,12.63,20.73,0.0,0.0,0.0,2.8,6.32,0.666,Medium
2024-05-17 05:00:00,0.62,2.91,18.7,19.97,0.0,0.0,0.0,1.52,9.35,0.577,Low
2024-05-17 06:00:00,12.02,9.94,0.0,17.14,2.69,0.0,0.27,0.82,0.0,1.0,High
2024-05-17 07:00:00,9.22,5.29,19.65,34.07,0.0,1.22,0.15,10.0,9.82,0.686,Medium
2024-05-17 08:00:00,13.24,9.64,5.44,28.22,0.0,0.48,0.1,5.01,2.72,0.904,High
2024-05-17 09:00:00,7.58,2.48,9.88,23.1,0.0,0.49,0.05,2.06,4.94,0.733,Medium
2024-05-17 10:00:00,9.56,4.95,3.18,17.47,0.0,0.17,0.03,1.26,1.59,0.92,High
2024-05-17 11:00:00,5.8,4.84,16.4,26.42,0.0,0.16,0.02,2.01,8.2,0.681,Medium
2024-05-17 12:00:00,10.94,2.08,11.15,24.1,0.0,0.13,0.0,2.74,5.58,0.762,Medium
2024-05-17 13:00:00,12.24,2.96,8.72,24.22,0.0,0.02,0.0,0.2,4.36,0.808,Medium
2024-05-17 14:00:00,5.12,5.38,8.81,19.41,0.0,0.01,0.0,1.46,4.41,0.772,Medium
2024-05-17 15:00:00,6.23,6.47,8.13,20.62,0.0,0.01,0.0,2.19,4.06,0.806,Medium
2024-05-17 16:00:00,11.92,5.44,4.43,22.56,0.0,0.0,0.0,0.83,2.21,0.886,High
2024-05-17 17:00:00,9.46,8.39,9.2,25.8,0.0,0.0,0.0,2.57,4.6,0.831,Medium
2024-05-17 18:00:00,8.19,6.66,13.76,27.92,0.0,0.0,0.0,9.21,6.88,0.744,Medium
2024-05-17 19:00:00,0.37,3.33,24.73,25.3,0.0,0.0,0.0,6.0,12.36,0.535,Low
2024-05-17 20:00:00,0.15,2.2,18.29,23.37,0.0,0.0,0.0,1.91,9.14,0.549,Low
2024-05-17 21:00:00,0.41,4.49,16.49,23.59,0.0,0.0,0.0,1.82,8.24,0.601,Low
2024-05-17 22:00:00,0.99,5.63,14.79,22.3,0.0,0.0,0.0,0.42,7.39,0.645,Low
2024-05-17 23:00:00,0.51,9.71,6.25,18.96,0.0,0.0,0.0,0.12,3.13,0.784,Medium
2024-05-18 00:00:00,0.16,2.19,18.24,23.94,0.0,0.0,0.0,1.38,9.12,0.548,Low
2024-05-18 01:00:00,0.12,9.65,11.06,20.8,0.0,0.0,0.0,2.67,5.53,0.732,Medium
2024-05-18 02:00:00,0.98,4.31,18.29,25.78,0.0,0.0,0.0,1.17,9.15,0.591,Low
2024-05-18 03:00:00,0.54,3.23,19.88,22.16,0.0,0.0,0.0,1.63,9.94,0.569,Low
2024-05-18 04:00:00,0.44,4.42,9.71,18.18,0.0,0.0,0.0,0.58,4.85,0.658,Medium
2024-05-18 05:00:00,0.27,9.73,11.5,21.62,0.0,0.0,0.0,1.04,5.75,0.728,Medium
2024-05-18 06:00:00,9.44,7.01,5.56,21.09,0.0,0.0,0.0,1.21,2.78,0.884,High
2024-05-18 07:00:00,11.23,6.56,8.82,27.62,0.0,0.0,0.0,6.41,4.41,0.814,Medium
2024-05-18 08:00:00,9.76,6.34,14.93,29.03,0.0,0.0,0.0,11.75,7.46,0.747,Medium
2024-05-18 09:00:00,10.33,8.96,0.0,18.68,0.28,0.0,0.03,2.37,0.0,1.0,High
2024-05-18 10:00:00,12.94,4.21,7.32,26.6,0.0,0.15,0.01,2.83,3.66,0.823,Medium
2024-05-18 11:00:00,14.81,5.87,4.19,25.4,0.0,0.06,0.01,1.77,2.1,0.906,High
2024-05-18 12:00:00,7.03,8.09,4.99,20.4,0.0,0.04,0.0,1.53,2.49,0.873,High
2024-05-18 13:00:00,13.66,9.85,0.0,21.56,1.37,0.0,0.14,2.48,0.0,1.0,High
2024-05-18 14:00:00,10.74,9.65,0.0,17.33,2.26,0.0,0.37,0.33,0.0,1.0,High
2024-05-18 15:00:00,9.39,8.78,6.79,24.12,0.0,1.92,0.17,0.19,3.4,0.899,High
2024-05-18 16:00:00,10.1,7.01,6.76,24.32,0.0,1.12,0.06,0.06,3.38,0.866,High
2024-05-18 17:00:00,12.23,7.54,0.0,17.24,1.37,0.0,0.2,0.9,0.0,1.0,High
2024-05-18 18:00:00,13.04,4.23,8.13,28.81,0.0,1.59,0.04,11.7,4.06,0.821,Medium
2024-05-18 19:00:00,0.68,8.63,14.69,23.05,0.0,0.29,0.01,5.1,7.34,0.693,Medium
2024-05-18 20:00:00,0.74,3.14,21.57,24.84,0.0,0.08,0.0,2.31,10.79,0.556,Low
2024-05-18 21:00:00,0.85,6.91,7.09,17.35,0.0,0.02,0.0,1.46,3.54,0.744,Medium
2024-05-18 22:00:00,0.41,2.53,17.54,18.82,0.0,0.01,0.0,0.33,8.77,0.575,Low
2024-05-18 23:00:00,0.07,9.64,8.43,21.12,0.0,0.0,0.0,0.9,4.21,0.742,Medium
2024-05-19 00:00:00,0.79,7.66,6.55,15.72,0.0,0.0,0.0,0.22,3.28,0.782,Medium
2024-05-19 01:00:00,0.23,4.25,19.26,25.82,0.0,0.0,0.0,2.79,9.63,0.573,Low
2024-05-19 02:00:00,0.32,5.81,15.52,19.18,0.0,0.0,0.0,1.92,7.76,0.65,Medium
2024-05-19 03:00:00,0.36,7.18,10.8,18.9,0.0,0.0,0.0,2.67,5.4,0.706,Medium
2024-05-19 04:00:00,0.59,7.0,8.36,17.77,0.0,0.0,0.0,2.05,4.18,0.729,Medium
2024-05-19 05:00:00,0.82,8.43,9.9,22.09,0.0,0.0,0.0,1.56,4.95,0.718,Medium
2024-05-19 06:00:00,7.71,5.97,4.62,18.24,0.0,0.0,0.0,0.4,2.31,0.877,High
2024-05-19 07:00:00,12.49,4.54,4.74,23.58,0.0,0.0,0.0,8.58,2.37,0.865,High
2024-05-19 08:00:00,12.07,2.5,11.4,28.42,0.0,0.0,0.0,5.03,5.7,0.748,Medium
2024-05-19 09:00:00,8.16,2.82,9.46,19.41,0.0,0.0,0.0,0.81,4.73,0.779,Medium
2024-05-19 10:00:00,12.89,9.13,0.04,22.07,0.0,0.0,0.0,2.73,0.02,0.999,High
2024-05-19 11:00:00,5.89,7.5,7.84,21.1,0.0,0.0,0.0,1.16,3.92,0.815,Medium
2024-05-19 12:00:00,5.04,3.34,18.63,24.13,0.0,0.0,0.0,2.0,9.32,0.646,Low
2024-05-19 13:00:00,14.51,7.62,0.0,18.3,2.73,0.0,0.27,0.32,0.0,1.0,High
2024-05-19 14:00:00,11.44,2.39,7.26,21.47,0.0,1.41,0.13,2.87,3.63,0.848,Medium
2024-05-19 15:00:00,9.58,3.67,4.76,19.8,0.0,0.9,0.04,1.11,2.38,0.862,High
2024-05-19 16:00:00,9.17,8.58,6.58,24.14,0.0,0.22,0.02,0.64,3.29,0.865,High
2024-05-19 17:00:00,13.8,3.73,5.15,23.6,0.0,0.07,0.01,1.82,2.57,0.873,High
2024-05-19 18:00:00,11.52,7.91,7.4,27.67,0.0,0.08,0.0,9.51,3.7,0.845,Medium
2024-05-19 19:00:00,0.2,9.12,11.76,25.45,0.0,0.01,0.0,7.57,5.88,0.688,Medium
2024-05-19 20:00:00,0.52,4.14,16.67,23.4,0.0,0.01,0.0,0.04,8.34,0.596,Low
2024-05-19 21:00:00,0.02,2.99,15.88,20.62,0.0,0.01,0.0,1.48,7.94,0.579,Low
2024-05-19 22:00:00,0.6,2.08,19.05,22.53,0.0,0.0,0.0,2.89,9.53,0.552,Low
2024-05-19 23:00:00,0.31,8.19,18.76,24.29,0.0,0.0,0.0,1.56,9.38,0.646,Low
2024-05-20 00:00:00,0.02,8.16,12.7,23.43,0.0,0.0,0.0,0.36,6.35,0.676,Medium
2024-05-20 01:00:00,0.29,8.19,11.29,21.22,0.0,0.0,0.0,1.04,5.65,0.703,Medium
2024-05-20 02:00:00,0.3,7.17,14.1,27.28,0.0,0.0,0.0,2.54,7.05,0.639,Low
2024-05-20 03:00:00,0.78,8.24,10.0,20.77,0.0,0.0,0.0,1.19,5.0,0.724,Medium
2024-05-20 04:00:00,0.23,3.97,16.75,22.08,0.0,0.0,0.0,2.24,8.38,0.592,Low
2024-05-20 05:00:00,0.96,9.54,14.9,25.83,0.0,0.0,0.0,2.97,7.45,0.688,Medium
2024-05-20 06:00:00,5.76,4.93,5.52,17.84,0.0,0.0,0.0,0.59,2.76,0.812,Medium
2024-05-20 07:00:00,12.81,6.63,7.85,27.15,0.0,0.0,0.0,10.68,3.92,0.847,Medium
2024-05-20 08:00:00,11.74,4.08,11.88,29.87,0.0,0.0,0.0,11.42,5.94,0.752,Medium
2024-05-20 09:00:00,13.9,7.66,0.0,16.06,2.22,0.0,0.22,0.44,0.0,1.0,High
2024-05-20 10:00:00,11.31,5.58,2.24,19.22,0.0,0.93,0.13,2.87,1.12,0.96,High
2024-05-20 11:00:00,10.01,7.44,0.0,16.59,0.62,0.0,0.19,0.82,0.0,1.0,High
2024-05-20 12:00:00,9.6,6.37,2.73,19.46,0.0,0.99,0.09,0.13,1.37,0.935,High
2024-05-20 13:00:00,7.09,2.4,18.52,26.38,0.0,0.66,0.02,2.94,9.26,0.661,Medium
2024-05-20 14:00:00,7.42,9.69,3.26,19.82,0.0,0.16,0.01,2.85,1.63,0.932,High
2024-05-20 15:00:00,14.81,6.56,0.0,18.91,1.57,0.0,0.17,1.31,0.0,1.0,High
2024-05-20 16:00:00,5.73,6.98,13.89,25.38,0.0,1.25,0.04,0.57,6.95,0.75,Medium
2024-05-20 17:00:00,14.44,9.68,0.0,23.15,0.68,0.0,0.11,2.93,0.0,1.0,High
2024-05-20 18:00:00,6.62,5.82,16.82,28.91,0.0,0.69,0.04,6.73,8.41,0.697,Medium
2024-05-20 19:00:00,0.16,6.52,17.32,31.21,0.0,0.12,0.03,8.49,8.66,0.601,Low
2024-05-20 20:00:00,0.36,9.41,7.64,19.19,0.0,0.13,0.01,1.9,3.82,0.768,Medium
2024-05-20 21:00:00,0.85,7.83,6.12,17.24,0.0,0.08,0.01,1.29,3.06,0.773,Medium
2024-05-20 22:00:00,0.66,2.95,17.94,19.08,0.0,0.05,0.0,1.19,8.97,0.587,Low
2024-05-20 23:00:00,0.04,8.09,12.67,19.89,0.0,0.01,0.0,1.18,6.33,0.7,Medium
2024-05-21 00:00:00,0.95,6.62,11.03,20.93,0.0,0.0,0.0,2.36,5.52,0.689,Medium
2024-05-21 01:00:00,0.36,7.25,12.02,17.98,0.0,0.0,0.0,0.57,6.01,0.709,Medium
2024-05-21 02:00:00,0.51,3.77,8.84,15.5,0.0,0.0,0.0,0.11,4.42,0.666,Medium
2024-05-21 03:00:00,0.28,9.6,12.12,22.13,0.0,0.0,0.0,1.31,6.06,0.718,Medium
2024-05-21 04:00:00,0.76,4.26,19.0,21.21,0.0,0.0,0.0,2.68,9.5,0.6,Low
2024-05-21 05:00:00,0.42,8.24,10.1,21.26,0.0,0.0,0.0,1.49,5.05,0.712,Medium
2024-05-21 06:00:00,6.86,4.65,9.31,24.17,0.0,0.0,0.0,0.62,4.66,0.744,Medium
2024-05-21 07:00:00,14.41,6.06,10.4,29.77,0.0,0.0,0.0,10.68,5.2,0.823,Medium
2024-05-21 08:00:00,11.94,8.17,8.54,27.61,0.0,0.0,0.0,6.06,4.27,0.849,Medium
2024-05-21 09:00:00,7.82,5.4,2.74,15.76,0.0,0.0,0.0,0.38,1.37,0.922,High
2024-05-21 10:00:00,9.17,6.18,2.54,18.47,0.0,0.0,0.0,2.92,1.27,0.92,High
2024-05-21 11:00:00,8.04,3.84,6.3,17.2,0.0,0.0,0.0,2.19,3.15,0.845,Medium
2024-05-21 12:00:00,11.63,7.94,4.42,24.75,0.0,0.0,0.0,1.27,2.21,0.894,High
2024-05-21 13:00:00,12.13,8.53,0.0,17.93,2.08,0.0,0.21,1.11,0.0,1.0,High
2024-05-21 14:00:00,13.07,9.88,0.77,23.72,0.0,0.49,0.16,1.18,0.39,0.991,High
2024-05-21 15:00:00,5.78,6.36,11.4,22.6,0.0,0.94,0.06,0.5,5.7,0.775,Medium
2024-05-21 16:00:00,14.52,2.34,2.2,19.46,0.0,0.43,0.02,1.8,1.1,0.944,High
2024-05-21 17:00:00,12.59,2.82,5.53,21.67,0.0,0.17,0.01,1.53,2.77,0.86,High
2024-05-21 18:00:00,13.28,7.58,11.05,30.38,0.0,0.03,0.0,8.23,5.53,0.82,Medium
2024-05-21 19:00:00,0.73,8.89,14.97,28.39,0.0,0.01,0.0,10.65,7.48,0.661,Medium
2024-05-21 20:00:00,0.34,9.83,16.49,25.67,0.0,0.01,0.0,2.1,8.25,0.676,Medium
2024-05-21 21:00:00,0.95,5.97,13.53,19.29,0.0,0.0,0.0,0.49,6.76,0.676,Medium
2024-05-21 22:00:00,0.38,2.2,21.92,23.42,0.0,0.0,0.0,0.03,10.96,0.535,Low
2024-05-21 23:00:00,0.44,3.88,19.64,24.5,0.0,0.0,0.0,2.45,9.82,0.572,Low
2024-05-22 00:00:00,0.05,6.04,14.75,24.77,0.0,0.0,0.0,2.59,7.38,0.625,Low
2024-05-22 01:00:00,0.55,5.17,10.27,18.91,0.0,0.0,0.0,2.6,5.13,0.67,Medium
2024-05-22 02:00:00,0.29,8.97,12.26,24.12,0.0,0.0,0.0,2.39,6.13,0.692,Medium
2024-05-22 03:00:00,0.57,8.66,15.41,24.1,0.0,0.0,0.0,0.04,7.71,0.676,Medium
2024-05-22 04:00:00,0.55,4.3,14.43,19.13,0.0,0.0,0.0,1.06,7.21,0.629,Low
2024-05-22 05:00:00,0.73,5.24,10.17,18.03,0.0,0.0,0.0,2.35,5.09,0.682,Medium
2024-05-22 06:00:00,11.85,4.66,0.2,16.69,0.0,0.0,0.0,1.12,0.1,0.995,High
2024-05-22 07:00:00,11.71,7.06,6.61,24.92,0.0,0.0,0.0,7.93,3.3,0.868,High
2024-05-22 08:00:00,7.78,4.21,14.08,31.18,0.0,0.0,0.0,11.86,7.04,0.683,Medium
2024-05-22 09:00:00,6.79,9.77,0.84,17.34,0.0,0.0,0.0,1.21,0.42,0.978,High
2024-05-22 10:00:00,9.23,4.77,4.63,19.77,0.0,0.0,0.0,0.79,2.32,0.86,High
2024-05-22 11:00:00,7.69,4.3,12.51,24.47,0.0,0.0,0.0,2.91,6.26,0.733,Medium
2024-05-22 12:00:00,5.76,9.61,2.88,18.25,0.0,0.0,0.0,0.28,1.44,0.922,High
2024-05-22 13:00:00,11.49,4.14,2.0,18.05,0.0,0.0,0.0,2.9,1.0,0.936,High
2024-05-22 14:00:00,12.07,6.88,0.0,18.94,0.0,0.0,0.0,0.81,0.0,1.0,High
2024-05-22 15:00:00,13.66,9.57,0.0,16.52,5.22,0.0,0.52,0.46,0.0,1.0,High
2024-05-22 16:00:00,12.37,9.06,0.0,18.79,1.8,0.0,0.7,1.76,0.0,1.0,High
2024-05-22 17:00:00,11.8,5.27,0.0,16.9,0.08,0.0,0.71,1.75,0.0,1.0,High
2024-05-22 18:00:00,9.5,9.66,8.5,29.87,0.0,4.52,0.26,10.88,4.25,0.875,High
2024-05-22 19:00:00,0.98,2.82,14.42,23.12,0.0,1.74,0.08,8.04,7.21,0.624,Low
2024-05-22 20:00:00,0.91,5.47,13.28,18.89,0.0,0.26,0.06,1.3,6.64,0.674,Medium
2024-05-22 21:00:00,0.59,6.91,15.44,22.1,0.0,0.2,0.04,0.73,7.72,0.662,Medium
2024-05-22 22:00:00,0.2,9.02,10.89,22.43,0.0,0.16,0.02,0.04,5.44,0.713,Medium
2024-05-22 23:00:00,0.27,3.98,13.6,17.0,0.0,0.14,0.01,1.38,6.8,0.635,Low
2024-05-23 00:00:00,0.67,2.65,26.14,27.03,0.0,0.06,0.0,2.52,13.07,0.519,Low
2024-05-23 01:00:00,0.93,6.35,12.39,18.85,0.0,0.02,0.0,1.85,6.2,0.693,Medium
2024-05-23 02:00:00,0.52,2.55,18.26,21.47,0.0,0.0,0.0,2.76,9.13,0.566,Low
2024-05-23 03:00:00,0.27,4.95,22.68,25.95,0.0,0.0,0.0,2.0,11.34,0.567,Low
2024-05-23 04:00:00,0.63,3.99,17.25,23.34,0.0,0.0,0.0,1.28,8.62,0.593,Low
2024-05-23 05:00:00,0.94,2.51,19.06,24.12,0.0,0.0,0.0,0.88,9.53,0.562,Low
2024-05-23 06:00:00,8.01,6.02,3.49,17.04,0.0,0.0,0.0,1.47,1.75,0.912,High
2024-05-23 07:00:00,12.64,5.28,8.15,28.37,0.0,0.0,0.0,6.82,4.07,0.812,Medium
2024-05-23 08:00:00,5.7,3.49,26.15,32.81,0.0,0.0,0.0,11.17,13.08,0.581,Low
2024-05-23 09:00:00,6.1,4.31,8.07,18.85,0.0,0.0,0.0,0.75,4.04,0.781,Medium
2024-05-23 10:00:00,8.57,4.83,10.46,25.65,0.0,0.0,0.0,2.37,5.23,0.757,Medium
2024-05-23 11:00:00,14.53,4.61,1.08,20.06,0.0,0.0,0.0,1.52,0.54,0.976,High
2024-05-23 12:00:00,6.03,5.14,8.67,22.04,0.0,0.0,0.0,1.51,4.33,0.759,Medium
2024-05-23 13:00:00,11.77,8.7,4.93,25.83,0.0,0.0,0.0,2.25,2.46,0.892,High
2024-05-23 14:00:00,6.6,7.39,3.98,18.87,0.0,0.0,0.0,2.08,1.99,0.877,High
2024-05-23 15:00:00,6.65,2.02,15.05,24.38,0.0,0.0,0.0,2.2,7.52,0.667,Medium
2024-05-23 16:00:00,5.84,2.15,9.31,19.33,0.0,0.0,0.0,2.67,4.65,0.719,Medium
2024-05-23 17:00:00,6.05,3.78,10.02,22.02,0.0,0.0,0.0,1.82,5.01,0.729,Medium
2024-05-23 18:00:00,8.91,3.87,16.26,28.91,0.0,0.0,0.0,11.72,8.13,0.696,Medium
2024-05-23 19:00:00,0.42,5.43,25.68,30.28,0.0,0.0,0.0,9.88,12.84,0.549,Low
2024-05-23 20:00:00,0.5,5.3,19.14,25.6,0.0,0.0,0.0,1.89,9.57,0.595,Low
2024-05-23 21:00:00,0.61,2.94,15.96,18.8,0.0,0.0,0.0,0.43,7.98,0.596,Low
2024-05-23 22:00:00,0.39,9.17,8.2,18.57,0.0,0.0,0.0,1.52,4.1,0.765,Medium
2024-05-23 23:00:00,0.79,2.55,18.34,21.42,0.0,0.0,0.0,1.68,9.17,0.571,Low
2024-05-24 00:00:00,0.25,2.08,24.05,23.84,0.0,0.0,0.0,1.61,12.02,0.519,Low
2024-05-24 01:00:00,0.84,5.88,12.95,20.71,0.0,0.0,0.0,2.37,6.47,0.665,Medium
2024-05-24 02:00:00,0.85,9.06,8.92,19.89,0.0,0.0,0.0,0.23,4.46,0.755,Medium
2024-05-24 03:00:00,0.9,3.63,12.32,18.3,0.0,0.0,0.0,2.63,6.16,0.637,Low
2024-05-24 04:00:00,0.97,2.53,16.16,21.71,0.0,0.0,0.0,0.22,8.08,0.584,Low
2024-05-24 05:00:00,0.43,9.98,9.03,21.55,0.0,0.0,0.0,0.96,4.51,0.748,Medium
2024-05-24 06:00:00,8.73,2.55,9.35,20.09,0.0,0.0,0.0,1.39,4.68,0.778,Medium
2024-05-24 07:00:00,12.09,2.07,11.92,26.81,0.0,0.0,0.0,9.63,5.96,0.752,Medium
2024-05-24 08:00:00,13.04,8.18,5.12,25.95,0.0,0.0,0.0,5.47,2.56,0.902,High
2024-05-24 09:00:00,12.82,8.01,2.89,24.58,0.0,0.0,0.0,1.55,1.44,0.925,High
2024-05-24 10:00:00,11.2,7.94,0.0,17.28,1.41,0.0,0.14,0.58,0.0,1.0,High
2024-05-24 11:00:00,12.5,9.27,2.68,24.38,0.0,1.05,0.04,1.79,1.34,0.961,High
2024-05-24 12:00:00,10.79,7.06,0.15,17.99,0.0,0.06,0.03,1.42,0.07,0.998,High
2024-05-24 13:00:00,7.02,4.51,5.96,18.06,0.0,0.22,0.01,0.64,2.98,0.831,Medium
2024-05-24 14:00:00,10.07,3.5,3.82,17.86,0.0,0.05,0.0,2.09,1.91,0.886,High
2024-05-24 15:00:00,11.6,8.37,0.0,19.8,0.09,0.0,0.01,2.08,0.0,1.0,High
2024-05-24 16:00:00,14.39,7.09,0.0,19.05,1.16,0.0,0.13,0.81,0.0,1.0,High
2024-05-24 17:00:00,11.95,3.75,6.24,21.75,0.0,0.89,0.04,0.79,3.12,0.874,High
2024-05-24 18:00:00,12.78,8.09,1.71,22.5,0.0,0.18,0.02,5.62,0.85,0.966,High
2024-05-24 19:00:00,0.43,2.25,22.96,22.83,0.0,0.08,0.01,5.24,11.48,0.534,Low
2024-05-24 20:00:00,0.56,2.31,22.71,22.64,0.0,0.08,0.0,0.97,11.36,0.539,Low
2024-05-24 21:00:00,0.33,9.21,20.1,27.44,0.0,0.01,0.0,2.48,10.05,0.639,Low
2024-05-24 22:00:00,0.58,2.54,13.67,18.95,0.0,0.01,0.0,3.0,6.83,0.598,Low
2024-05-24 23:00:00,0.81,8.86,11.54,25.7,0.0,0.0,0.0,0.72,5.77,0.693,Medium
2024-05-25 00:00:00,0.13,2.18,18.33,20.96,0.0,0.0,0.0,2.35,9.17,0.552,Low
2024-05-25 01:00:00,0.65,3.86,13.08,17.44,0.0,0.0,0.0,2.29,6.54,0.638,Low
2024-05-25 02:00:00,0.04,8.7,14.32,22.89,0.0,0.0,0.0,1.69,7.16,0.681,Medium
2024-05-25 03:00:00,0.59,6.65,18.37,27.18,0.0,0.0,0.0,2.27,9.18,0.615,Low
2024-05-25 04:00:00,0.39,3.83,22.75,23.75,0.0,0.0,0.0,2.78,11.37,0.557,Low
2024-05-25 05:00:00,0.53,3.69,24.27,27.9,0.0,0.0,0.0,2.94,12.13,0.539,Low
2024-05-25 06:00:00,12.15,6.75,0.0,16.9,1.34,0.0,0.13,1.36,0.0,1.0,High
2024-05-25 07:00:00,11.78,4.98,13.14,30.59,0.0,0.86,0.05,6.17,6.57,0.765,Medium
2024-05-25 08:00:00,11.97,7.19,4.77,23.85,0.0,0.28,0.02,6.09,2.39,0.902,High
2024-05-25 09:00:00,6.79,7.64,7.97,21.56,0.0,0.07,0.01,2.0,3.98,0.829,Medium
2024-05-25 10:00:00,5.19,8.23,10.94,23.2,0.0,0.08,0.0,2.1,5.47,0.778,Medium
2024-05-25 11:00:00,14.61,6.29,0.15,21.09,0.0,0.02,0.0,1.21,0.08,0.996,High
2024-05-25 12:00:00,7.77,9.37,4.8,22.61,0.0,0.0,0.0,1.78,2.4,0.879,High
2024-05-25 13:00:00,5.32,5.39,7.94,17.67,0.0,0.01,0.0,1.82,3.97,0.803,Medium
2024-05-25 14:00:00,11.59,3.69,8.79,26.29,0.0,0.0,0.0,2.66,4.39,0.789,Medium
2024-05-25 15:00:00,7.87,8.42,10.08,25.06,0.0,0.0,0.0,0.09,5.04,0.81,Medium
2024-05-25 16:00:00,14.73,5.72,2.78,23.66,0.0,0.0,0.0,0.19,1.39,0.932,High
2024-05-25 17:00:00,14.75,8.54,2.26,26.34,0.0,0.0,0.0,2.81,1.13,0.942,High
2024-05-25 18:00:00,5.71,3.69,13.5,25.58,0.0,0.0,0.0,8.28,6.75,0.679,Medium
2024-05-25 19:00:00,0.17,3.18,37.53,35.05,0.0,0.0,0.0,10.32,18.76,0.451,Low
2024-05-25 20:00:00,0.28,8.39,8.57,19.16,0.0,0.0,0.0,0.9,4.28,0.738,Medium
2024-05-25 21:00:00,0.26,4.84,13.55,21.93,0.0,0.0,0.0,0.19,6.78,0.625,Low
2024-05-25 22:00:00,0.15,4.74,14.25,24.11,0.0,0.0,0.0,0.46,7.13,0.61,Low
2024-05-25 23:00:00,0.3,6.51,16.48,23.45,0.0,0.0,0.0,0.41,8.24,0.634,Low
2024-05-26 00:00:00,0.14,6.99,8.94,19.2,0.0,0.0,0.0,1.46,4.47,0.704,Medium
2024-05-26 01:00:00,0.31,8.58,7.38,16.83,0.0,0.0,0.0,1.26,3.69,0.774,Medium
2024-05-26 02:00:00,0.57,7.34,14.95,25.36,0.0,0.0,0.0,2.59,7.47,0.65,Medium
2024-05-26 03:00:00,0.84,9.92,11.37,25.01,0.0,0.0,0.0,1.11,5.68,0.715,Medium
2024-05-26 04:00:00,0.74,5.94,13.8,22.35,0.0,0.0,0.0,2.51,6.9,0.651,Medium
2024-05-26 05:00:00,0.41,4.63,12.81,21.83,0.0,0.0,0.0,2.29,6.41,0.628,Low
2024-05-26 06:00:00,14.51,3.4,4.25,22.42,0.0,0.0,0.0,1.74,2.12,0.899,High
2024-05-26 07:00:00,7.3,6.42,11.28,28.35,0.0,0.0,0.0,9.63,5.64,0.737,Medium
2024-05-26 08:00:00,6.85,4.23,13.78,23.47,0.0,0.0,0.0,6.28,6.89,0.72,Medium
2024-05-26 09:00:00,14.27,9.76,0.0,21.14,1.59,0.0,0.16,0.43,0.0,1.0,High
2024-05-26 10:00:00,12.98,4.94,0.0,17.54,0.28,0.0,0.19,1.67,0.0,1.0,High
2024-05-26 11:00:00,12.96,3.4,4.88,22.39,0.0,1.38,0.05,0.66,2.44,0.892,High
2024-05-26 12:00:00,7.5,4.11,6.6,17.62,0.0,0.3,0.02,2.61,3.3,0.837,Medium
2024-05-26 13:00:00,12.5,3.22,3.67,20.64,0.0,0.1,0.01,1.05,1.84,0.888,High
2024-05-26 14:00:00,14.21,2.32,1.65,18.54,0.0,0.07,0.0,0.62,0.82,0.95,High
2024-05-26 15:00:00,9.68,5.73,7.23,23.07,0.0,0.01,0.0,0.46,3.61,0.831,Medium
2024-05-26 16:00:00,10.97,10.0,3.26,23.89,0.0,0.0,0.0,1.19,1.63,0.935,High
2024-05-26 17:00:00,5.3,3.64,11.08,19.94,0.0,0.0,0.0,1.53,5.54,0.724,Medium
2024-05-26 18:00:00,10.1,6.01,4.52,20.75,0.0,0.0,0.0,5.24,2.26,0.888,High
2024-05-26 19:00:00,0.84,3.29,15.78,23.39,0.0,0.0,0.0,8.14,7.89,0.592,Low
2024-05-26 20:00:00,0.72,2.89,14.4,21.93,0.0,0.0,0.0,0.84,7.2,0.594,Low
2024-05-26 21:00:00,0.8,5.14,18.41,22.88,0.0,0.0,0.0,0.38,9.2,0.612,Low
2024-05-26 22:00:00,0.68,6.53,13.38,25.45,0.0,0.0,0.0,1.16,6.69,0.646,Low
2024-05-26 23:00:00,0.83,6.2,14.34,23.46,0.0,0.0,0.0,0.7,7.17,0.648,Low
2024-05-27 00:00:00,0.96,7.34,16.92,25.13,0.0,0.0,0.0,0.8,8.46,0.648,Low
2024-05-27 01:00:00,0.32,8.78,19.28,27.13,0.0,0.0,0.0,2.65,9.64,0.638,Low
2024-05-27 02:00:00,0.28,9.71,7.65,17.25,0.0,0.0,0.0,2.15,3.82,0.793,Medium
2024-05-27 03:00:00,0.99,4.5,12.12,18.64,0.0,0.0,0.0,0.24,6.06,0.657,Medium
2024-05-27 04:00:00,0.34,8.68,14.08,24.91,0.0,0.0,0.0,0.56,7.04,0.674,Medium
2024-05-27 05:00:00,0.06,2.74,12.1,18.41,0.0,0.0,0.0,1.79,6.05,0.6,Low
2024-05-27 06:00:00,9.47,6.01,3.51,18.88,0.0,0.0,0.0,1.41,1.75,0.91,High
2024-05-27 07:00:00,12.54,6.62,16.83,34.77,0.0,0.0,0.0,10.72,8.41,0.736,Medium
2024-05-27 08:00:00,5.07,3.7,18.7,29.51,0.0,0.0,0.0,7.88,9.35,0.625,Low
2024-05-27 09:00:00,13.96,9.27,0.0,20.21,1.53,0.0,0.15,2.07,0.0,1.0,High
2024-05-27 10:00:00,6.91,3.48,10.4,19.71,0.0,0.55,0.1,1.29,5.2,0.77,Medium
2024-05-27 11:00:00,12.35,6.25,0.64,19.36,0.0,0.45,0.05,1.48,0.32,0.99,High
2024-05-27 12:00:00,9.34,3.32,5.93,17.81,0.0,0.25,0.03,1.64,2.97,0.86,High
2024-05-27 13:00:00,12.33,7.27,7.06,26.78,0.0,0.18,0.01,2.46,3.53,0.86,High
2024-05-27 14:00:00,13.98,5.2,0.0,18.3,0.64,0.0,0.07,0.03,0.0,1.0,High
2024-05-27 15:00:00,13.01,2.84,4.8,22.16,0.0,0.59,0.02,1.39,2.4,0.873,High
2024-05-27 16:00:00,7.15,2.54,9.65,23.17,0.0,0.1,0.01,2.22,4.83,0.721,Medium
2024-05-27 17:00:00,10.32,2.83,4.48,18.43,0.0,0.04,0.0,1.7,2.24,0.864,High
2024-05-27 18:00:00,13.19,9.87,5.79,29.38,0.0,0.01,0.0,11.79,2.9,0.885,High
2024-05-27 19:00:00,0.05,2.42,22.49,30.13,0.0,0.0,0.0,8.21,11.24,0.52,Low
2024-05-27 20:00:00,0.25,6.62,15.75,21.06,0.0,0.0,0.0,2.47,7.88,0.652,Medium
2024-05-27 21:00:00,0.35,4.9,15.12,24.04,0.0,0.0,0.0,0.98,7.56,0.612,Low
2024-05-27 22:00:00,0.47,5.86,15.81,24.07,0.0,0.0,0.0,0.66,7.9,0.626,Low
2024-05-27 23:00:00,0.82,5.08,17.03,20.5,0.0,0.0,0.0,0.91,8.51,0.63,Low
2024-05-28 00:00:00,0.93,7.47,11.26,20.41,0.0,0.0,0.0,0.1,5.63,0.708,Medium
2024-05-28 01:00:00,0.16,7.25,20.07,26.4,0.0,0.0,0.0,1.69,10.04,0.612,Low
2024-05-28 02:00:00,0.42,2.93,21.23,23.94,0.0,0.0,0.0,2.82,10.62,0.55,Low
2024-05-28 03:00:00,0.35,6.41,16.36,21.53,0.0,0.0,0.0,2.5,8.18,0.644,Low
2024-05-28 04:00:00,0.37,4.04,11.52,17.12,0.0,0.0,0.0,1.06,5.76,0.646,Low
2024-05-28 05:00:00,0.66,2.56,12.67,19.5,0.0,0.0,0.0,0.55,6.34,0.603,Low
2024-05-28 06:00:00,5.42,5.35,8.36,19.32,0.0,0.0,0.0,2.64,4.18,0.781,Medium
2024-05-28 07:00:00,10.02,7.85,15.14,31.12,0.0,0.0,0.0,6.54,7.57,0.754,Medium
2024-05-28 08:00:00,14.16,7.08,8.47,29.12,0.0,0.0,0.0,7.82,4.24,0.849,Medium
2024-05-28 09:00:00,11.77,5.43,5.87,24.79,0.0,0.0,0.0,2.47,2.93,0.848,Medium
2024-05-28 10:00:00,10.4,8.76,1.49,20.45,0.0,0.0,0.0,1.14,0.75,0.967,High
2024-05-28 11:00:00,13.44,5.87,1.73,21.07,0.0,0.0,0.0,0.93,0.86,0.958,High
2024-05-28 12:00:00,5.39,4.18,9.97,18.0,0.0,0.0,0.0,2.94,4.99,0.763,Medium
2024-05-28 13:00:00,12.28,4.77,8.3,24.13,0.0,0.0,0.0,2.42,4.15,0.841,Medium
2024-05-28 14:00:00,12.83,4.13,8.03,24.98,0.0,0.0,0.0,0.08,4.02,0.831,Medium
2024-05-28 15:00:00,11.88,2.96,10.2,24.93,0.0,0.0,0.0,0.54,5.1,0.787,Medium
2024-05-28 16:00:00,8.07,6.37,4.09,19.65,0.0,0.0,0.0,0.48,2.05,0.874,High
2024-05-28 17:00:00,12.57,9.18,0.0,17.02,2.08,0.0,0.21,1.18,0.0,1.0,High
2024-05-28 18:00:00,5.17,7.29,12.01,27.17,0.0,0.65,0.14,6.14,6.01,0.733,Medium
2024-05-28 19:00:00,0.83,9.8,14.0,22.97,0.0,1.09,0.03,6.62,7.0,0.734,Medium
2024-05-28 20:00:00,0.42,2.4,12.81,17.12,0.0,0.11,0.02,1.72,6.41,0.604,Low
2024-05-28 21:00:00,0.58,2.09,15.21,23.79,0.0,0.14,0.01,0.92,7.6,0.571,Low
2024-05-28 22:00:00,0.4,9.79,11.69,21.27,0.0,0.04,0.01,0.83,5.84,0.734,Medium
2024-05-28 23:00:00,0.9,5.0,13.47,20.65,0.0,0.04,0.0,0.15,6.73,0.648,Low
2024-05-29 00:00:00,0.81,3.79,17.61,19.71,0.0,0.01,0.0,2.45,8.8,0.605,Low
2024-05-29 01:00:00,0.45,4.7,15.15,23.96,0.0,0.01,0.0,0.25,7.58,0.61,Low
2024-05-29 02:00:00,0.05,5.94,12.95,20.42,0.0,0.0,0.0,1.0,6.48,0.653,Medium
2024-05-29 03:00:00,0.16,6.58,14.45,25.33,0.0,0.0,0.0,2.28,7.22,0.634,Low
2024-05-29 04:00:00,0.27,4.89,11.63,21.12,0.0,0.0,0.0,2.04,5.81,0.64,Low
2024-05-29 05:00:00,0.39,7.58,9.04,18.86,0.0,0.0,0.0,1.92,4.52,0.724,Medium
2024-05-29 06:00:00,13.96,4.38,0.16,18.53,0.0,0.0,0.0,1.23,0.08,0.995,High
2024-05-29 07:00:00,13.26,7.38,8.08,31.02,0.0,0.0,0.0,7.78,4.04,0.826,Medium
2024-05-29 08:00:00,8.6,7.37,8.73,23.28,0.0,0.0,0.0,5.57,4.37,0.831,Medium
2024-05-29 09:00:00,14.88,9.82,0.21,24.92,0.0,0.0,0.0,1.98,0.11,0.996,High
2024-05-29 10:00:00,7.89,5.74,8.03,22.43,0.0,0.0,0.0,1.23,4.02,0.803,Medium
2024-05-29 11:00:00,10.64,8.8,0.39,19.82,0.0,0.0,0.0,2.8,0.19,0.991,High
2024-05-29 12:00:00,10.56,8.24,0.0,17.62,0.49,0.0,0.05,2.46,0.0,1.0,High
2024-05-29 13:00:00,13.9,9.94,0.0,18.57,3.72,0.0,0.42,0.63,0.0,1.0,High
2024-05-29 14:00:00,7.53,8.92,0.0,16.41,0.04,0.0,0.42,0.38,0.0,1.0,High
2024-05-29 15:00:00,11.74,8.78,0.0,20.27,0.15,0.0,0.44,2.03,0.0,1.0,High
2024-05-29 16:00:00,11.03,7.46,2.97,22.04,0.0,2.43,0.2,1.29,1.49,0.965,High
2024-05-29 17:00:00,7.26,7.54,4.73,19.21,0.0,0.81,0.12,1.88,2.37,0.901,High
2024-05-29 18:00:00,5.6,3.05,16.88,32.01,0.0,0.78,0.04,10.95,8.44,0.633,Low
2024-05-29 19:00:00,0.34,5.83,23.73,31.61,0.0,0.12,0.03,7.32,11.86,0.561,Low
2024-05-29 20:00:00,0.08,4.07,11.89,17.17,0.0,0.15,0.01,1.89,5.95,0.641,Low
2024-05-29 21:00:00,0.17,4.37,14.5,24.53,0.0,0.09,0.0,2.9,7.25,0.603,Low
2024-05-29 22:00:00,0.58,6.51,9.78,20.21,0.0,0.02,0.0,0.21,4.89,0.692,Medium
2024-05-29 23:00:00,0.34,9.34,10.38,19.5,0.0,0.01,0.0,0.43,5.19,0.747,Medium
2024-05-30 00:00:00,0.53,7.58,18.97,26.38,0.0,0.0,0.0,2.38,9.48,0.628,Low
2024-05-30 01:00:00,0.95,4.37,8.51,15.83,0.0,0.0,0.0,0.82,4.25,0.692,Medium
2024-05-30 02:00:00,0.63,6.75,8.59,17.35,0.0,0.0,0.0,2.19,4.29,0.727,Medium
2024-05-30 03:00:00,0.56,4.74,12.64,16.63,0.0,0.0,0.0,0.28,6.32,0.664,Medium
2024-05-30 04:00:00,0.65,2.83,19.32,21.21,0.0,0.0,0.0,2.19,9.66,0.569,Low
2024-05-30 05:00:00,0.0,7.7,8.22,19.33,0.0,0.0,0.0,0.76,4.11,0.718,Medium
2024-05-30 06:00:00,13.51,9.66,0.0,22.2,0.42,0.0,0.04,1.54,0.0,1.0,High
2024-05-30 07:00:00,10.49,5.04,10.88,28.79,0.0,0.15,0.03,7.72,5.44,0.763,Medium
2024-05-30 08:00:00,8.15,2.77,16.37,28.68,0.0,0.16,0.01,11.91,8.19,0.673,Medium
2024-05-30 09:00:00,13.74,9.96,0.0,23.26,0.23,0.0,0.04,2.44,0.0,1.0,High
2024-05-30 10:00:00,8.06,5.22,9.0,23.77,0.0,0.13,0.02,2.05,4.5,0.781,Medium
2024-05-30 11:00:00,11.32,3.03,8.94,22.87,0.0,0.15,0.01,2.08,4.47,0.809,Medium
2024-05-30 12:00:00,13.73,6.0,3.52,24.16,0.0,0.02,0.0,1.86,1.76,0.909,High
2024-05-30 13:00:00,7.85,5.54,8.25,23.72,0.0,0.02,0.0,2.55,4.12,0.785,Medium
2024-05-30 14:00:00,14.63,2.86,3.92,21.54,0.0,0.01,0.0,1.76,1.96,0.906,High
2024-05-30 15:00:00,5.57,2.84,11.5,22.49,0.0,0.01,0.0,1.63,5.75,0.692,Medium
2024-05-30 16:00:00,13.2,2.33,5.38,22.05,0.0,0.0,0.0,2.07,2.69,0.855,High
2024-05-30 17:00:00,11.14,9.18,4.82,24.85,0.0,0.0,0.0,1.75,2.41,0.903,High
2024-05-30 18:00:00,11.41,5.73,9.46,26.81,0.0,0.0,0.0,9.91,4.73,0.808,Medium
2024-05-30 19:00:00,0.91,2.17,22.18,23.56,0.0,0.0,0.0,5.4,11.09,0.541,Low
2024-05-30 20:00:00,0.33,7.41,12.51,21.23,0.0,0.0,0.0,2.27,6.25,0.683,Medium
2024-05-30 21:00:00,0.93,4.01,15.42,17.96,0.0,0.0,0.0,1.75,7.71,0.633,Low
2024-05-30 22:00:00,0.06,4.71,16.23,20.55,0.0,0.0,0.0,0.49,8.11,0.612,Low
2024-05-30 23:00:00,0.45,4.84,16.05,19.35,0.0,0.0,0.0,0.35,8.03,0.629,Low
